1;Qui a réussi à imposer la commercialisation de la poubelle ?;Eugène Poubelle;Louis Lépine;Bertrand Landrieu;Ferdinand Duval;Débutant;Préfet de la Seine, il a donné son nom aux poubelles à travers ses décisions pour améliorer l'hygiène de la ville de Paris.;http://fr.wikipedia.org/wiki/Eugène_Poubelle
2;Laquelle de ces inventions ne porte pas le nom de son inventeur ?;Le laser;Le colt;La poubelle;Le macadam;Débutant;En 1950, Alfred Kastler proposa un procédé de pompage optique, qu'il valida expérimentalement deux ans plus tard.;http://fr.wikipedia.org/wiki/Laser
3;Quelle compétition prime chaque année les meilleures inventions françaises ?;Le Concours Lépine;Le Concours Edison;Le Concours Thomas;Le Concours Novastar;Débutant;Ce concours-exposition de jouets était destiné à sortir les petits fabricants du marasme économique ambiant.;http://fr.wikipedia.org/wiki/Concours_Lépine
4;Quel jeu de société international Chris Haney et Scott Abbott ont-ils créé ?;Trivial Pursuit;Monopoly;Puissance 4;Cluedo;Débutant;Le jeu a été commercialisé en France sous le nom Remue-méninges avant de connaître le succès.;http://fr.wikipedia.org/wiki/Trivial_Pursuit
5;Qui a inventé la dynamite au moyen de la nitroglycérine ?;Alfred Nobel;Albert Einstein;Lavoisier;Isaac Newton;Débutant;La dynamite a été très utilisée, notamment dans l'industrie minière, jusqu'à son remplacement par des explosifs plus puissants.;http://fr.wikipedia.org/wiki/Dynamite
6;Quel biologiste français a inventé la pasteurisation de la bière ?;Louis Pasteur;Maurice Fontaine;Thomas Preat;Laurent Chabry;Débutant;La pasteurisation est un procédé de conservation des aliments par lequel ceux-ci sont chauffés puis refroidis rapidement.;http://fr.wikipedia.org/wiki/Pasteurisation
7;Quel inventeur italien a conçu à la fin du XVe siècle un canon et un parachute ?;Léonard de Vinci;Roberto Galletti;Ettore Bugatti;Alessandro Volta;Débutant;De Vinci a fait progresser la connaissance dans les domaines de l'anatomie, du génie civil, de l'optique et de l'hydrodynamique.;http://fr.wikipedia.org/wiki/Léonard_de_Vinci
8;Selon des textes anciens, dans quel pays a-t-on inventé le cerf-volant ?;En Chine;En Inde;Aux États-Unis;Au Mexique;Débutant;À l'origine, le cerf-volant servait de signal, à porter des messages, à effrayer les ennemis ou évaluer des distances.;http://fr.wikipedia.org/wiki/Cerf-volant
9;En quelle année la couturière Mary Quant a-t-elle inventé la minijupe ?;1964;1974;1954;1944;Débutant;En 1966, Mary Quant fut promue Officier de l'Ordre de l'Empire britannique pour services rendus à l'industrie de la mode.;http://fr.wikipedia.org/wiki/Mary_Quant
10;Quel billet le banquier Law a-t-il inventé au XVIIIe siècle ?;Le billet de banque;Le billet de loterie;Le billet doux;Le billet notarial;Débutant;John Law recommanda l'utilisation de papier-monnaie plutôt que de monnaie métal afin de faciliter le commerce et l'investissement.;http://fr.wikipedia.org/wiki/Système_de_Law
11;Quel terme fut inventé en 1955 par le philologue français Jacques Perret ?;Ordinateur;Transistor;Imprimante;Ampoule;Confirmé;Le terme voulait dire, selon les intentions du docteur en lettres, « Dieu mettant de l'ordre dans le monde ».;http://fr.wikipedia.org/wiki/Jacques_Perret_(philologue)
12;Quel français a inventé le stéthoscope, alors une simple liasse de papiers roulés ?;René Laennec;Louis Pasteur;Léon Binet;Louis Braille;Confirmé;Ce procédé permettait d'éloigner l'oreille du médecin de son patient pour des raisons de pudeur et d'efficacité.;http://fr.wikipedia.org/wiki/Stéthoscope
13;Quelle grande marque inventa en 1936 le sac à dos aux nombreuses applications ?;Lafuma;Puma;Adidas;Lacoste;Confirmé;Du transport de matériel scolaire aux utilisations sportives ou professionnelles, chaque sac est adapté à son utilisation.;http://fr.wikipedia.org/wiki/Sac_à_dos
14;Charles Darrow, inventeur du jeu de Monopoly, était lors de son invention en 1935...;Au chômage;Banquier;Agent immobilier;En prison;Confirmé;Malgré de nombreuses difficultés, il réussit finalement à faire éditer son jeu par la société Parker Brothers en 1935.;http://fr.wikipedia.org/wiki/Charles_Darrow
15;Quel savant italien a découvert le principe de la pile électrique ?;Volta;Bugatti;Turriano;Marconi;Confirmé;À l'origine, le terme « pile » désignait un dispositif inventé par Alessandro Volta, composé d'un empilement de rondelles.;http://fr.wikipedia.org/wiki/Pile_électrique
16;Quelle invention Nicolas Appert a-t-il mise au point pour les armées de Napoléon ?;La conserve;Le lit de camp;Le tissu imperméable;Le ceinturon;Confirmé;Nicolas Appert a créé en France par sa méthode de conservation la première usine de conserves au monde.;http://fr.wikipedia.org/wiki/Nicolas_Appert
17;Quelle marque a inventé la cassette audio ou minicassette ?;Philips;Sony;BASF;Fuji;Confirmé;Bien que le CD ait supplanté la cassette audio, on peut encore en trouver des exemplaires vierges dans beaucoup d'enseignes.;http://fr.wikipedia.org/wiki/Cassette_audio
18;Quel célèbre médecin a conçu une table de correspondance entre les rêves et les organes ?;Hippocrate;Pythagore;Pilate;Icare;Confirmé;« Père de la Médecine », son école de médecine hippocratique a intellectuellement révolutionné la pratique de la médecine.;http://fr.wikipedia.org/wiki/Hippocrate
19;À qui doit-on le prototype de la première dynamo industrielle réalisé en 1869 ?;Zénobe Gramme;John Cockerill;Frédéric Neuhaus;Victor Simon;Confirmé;La dynamo est une machine à courant continu fonctionnant en générateur électrique par induction électromagnétique.;http://fr.wikipedia.org/wiki/Zénobe_Gramme
20;Quel physicien et mathématicien italien a inventé le baromètre en 1643 ?;Evangelista Torricelli;Giuseppe Piazzi;Pietro Blaserna;Orazio Grassi;Confirmé;Un baromètre, pouvant servir d'altimètre, est un instrument de mesure servant à mesurer la pression atmosphérique.;http://fr.wikipedia.org/wiki/Baromètre
21;Quel ingénieur écossais fut le premier à utiliser le terme « cheval-vapeur » ?;James Watt;Henry Dyer;Alexander Thom;William Rankine;Expert;En 1879, les 38 lignes d'omnibus de Paris requéraient l'entretien de pas moins de 16 500 chevaux.;http://fr.wikipedia.org/wiki/Cheval-vapeur
22;Selon la légende, quelle spécialité le grec Aphtonite aurait-il inventée ?;Le boudin noir;Le saucisson;Les rillettes;Le jambon cru;Expert;Il est fabriqué à partir de sang et de graisse de porc, et, dans une moindre mesure, de sang de mouton et de chèvre.;http://fr.wikipedia.org/wiki/Boudin_noir
23;Quelle société a inventé (et pas breveté) la souris de votre ordinateur ?;Xerox;Microsoft;Hewlett Packard;IBM;Expert;Douglas Carl Engelbart a déposé 21 brevets au total, dont un pour sa souris en 1967, qu'il reçut en 1970.;http://fr.wikipedia.org/wiki/Douglas_Engelbart
24;Quel était le métier de Samuel Morse qui déposa en 1840 le brevet du télégraphe ?;Peintre sculpteur;Compositeur interprète;Écrivain éditeur;Chorégraphe danseur;Expert;Le génie de Samuel Morse a été de concevoir une machine simple, efficace, bon marché et robuste à la fois.;http://fr.wikipedia.org/wiki/Samuel_Morse
25;Quel docteur et professeur en médecine est surtout connu pour avoir inventé le basket-ball ?;James Naismith;Gordon Herbert;Martin Roy;Jacques Dextraze;Expert;Durant sa jeunesse Naismith était un gymnaste et un joueur de football canadien de haut niveau à l'université McGill.;http://fr.wikipedia.org/wiki/James_Naismith
26;Dans quel pays le Lego a-t-il été inventé par un charpentier ?;Danemark;Norvège;Suède;Finlande;Expert;Le nom de la société fut créé par Ole Kirk Christiansen en 1932, à partir du danois « leg godt », signifiant « joue bien ».;http://fr.wikipedia.org/wiki/Lego
27;Quel inventeur français a mis au point la première carte à puce ?;Roland Moreno;Léon Bollée;Henri Fourel;Gustave Lyon;Expert;Roland Moreno a reçu pour son invention l'Oscar du livre mondial des inventions en 1985.;http://fr.wikipedia.org/wiki/Roland_Moreno
28;Combien de brevets furent déposés par Thomas Edison au cours de sa vie ?;1 074;57;234;421;Expert;Thomas Edison employa au cours de sa vie plus de 35 000 personnes dans son « empire industriel » fondé sur l'électricité.;http://fr.wikipedia.org/wiki/Thomas_Edison
29;Louis Réard a inventé le bikini, mais quel était son véritable métier ?;Ingénieur automobile;Barbier;Charcutier;Coiffeur;Expert;Il le présenta en 1946 à la piscine Molitor, porté par Micheline Bernardini, une danseuse nue bien connue du Casino de Paris.;http://fr.wikipedia.org/wiki/Bikini_(vêtement)
30;Quelle était la nationalité des deux ingénieurs inventeurs du carburateur ?;Hongroise;Roumaine;Suisse;Autrichienne;Expert;Cet organe permet de préparer un mélange d'air et de carburant pour constituer un mélange de richesse adéquate.;http://fr.wikipedia.org/wiki/Carburateur1;Avec quel appareil peut-on mesurer la profondeur des océans ?;Un sonar;Un radar;Un compteur Geiger;Un sextant;Débutant;Un sonar est un appareil utilisant les propriétés de la propagation du son dans l'eau pour détecter et situer les objets sous l'eau.;http://fr.wikipedia.org/wiki/Sonar
2;Quel petit objet est utilisé pour maintenir solidaire une liasse de feuilles de papier ?;Un trombone;Un stencil;Un post-it;Un Rolodex;Débutant;Le mot s'emploie pour désigner la petite « agrafe provisoire » permettant d'assembler plusieurs feuilles de papier.;http://fr.wikipedia.org/wiki/Trombone_(papeterie)
3;Combien de trous possédait autrefois le cadran de votre ancien téléphone ?;10 trous;8 trous;12 trous;6 trous;Débutant;Le cadran était alors composé d'un disque rotatif autour duquel sont portés les chiffres de 1 à 9 puis 0.;http://fr.wikipedia.org/wiki/Cadran_téléphonique
4;Contre quoi un paratonnerre avec mise à la terre protège-t-il un bâtiment ?;La foudre;La pluie;Le vent;Le soleil;Débutant;Pour construire une protection contre la foudre, il faut construire une cage de Faraday enveloppant l'édifice à protéger.;http://fr.wikipedia.org/wiki/Paratonnerre
5;Quel appareil de levage permet entre autre de soulever une voiture ?;Un cric;Une rustine;Un delco;Un hayon;Débutant;L'utilisation la plus fréquente du cric permet de changer une roue après une crevaison ou un problème de pneumatique.;http://fr.wikipedia.org/wiki/Cric
6;Quel appareil, redouté par toutes les femmes, sert à arracher le poil ?;Un épilateur;Un aspirateur;Un sèche-cheveux;Un vibromasseur;Débutant;Les raisons invoquées vont des critères cosmétiques de beauté, de traditions ethniques aux soucis de confort ou d'hygiène.;http://fr.wikipedia.org/wiki/Épilation
7;Que retrouve-ton traditionnellement à l'intérieur d’un juke-box ?;Des disques;Des friandises;Des fruits;Des jeux vidéo;Débutant;Un juke-box (ou jukebox) est un appareil public capable de jouer automatiquement de la musique enregistrée.;http://fr.wikipedia.org/wiki/Juke-box
8;Quel accessoire, indispensable pour jouer au 421, peut être « pipé » ?;Un dé;Une carte;Une cible;Un tapis;Débutant;Les dés les plus courants sont des petits cubes de 1 à 2 cm de côté, possédant donc 6 faces numérotées de 1 à 6.;http://fr.wikipedia.org/wiki/Dé
9;De quel organe du corps humain un pacemaker règle-t-il le rythme ?;Le cœur;Le foie;Le rein;Le poumon;Débutant;C'est en 1781 que Luigi Galvani constate que la stimulation électrique d'un nerf provoque la contraction du muscle relié.;http://fr.wikipedia.org/wiki/Stimulateur_cardiaque
10;Quel appareil électroménager peut être « balai », « sans sac » ou « à main » ?;Aspirateur;Cuit vapeur;Frigidaire;Grille-pain;Débutant;L'aspirateur motorisé a été inventé en 1901 par l’ingénieur britannique Hubert Cecil Booth, né à Paris en 1871.;http://fr.wikipedia.org/wiki/Aspirateur
11;Quel ustensile sert à couper les légumes en très fines tranches ?;Une mandoline;Un bandonéon;Un hachoir;Un massicot;Confirmé;La mandoline est généralement en inox pour les professionnels ou en matière plastique ABS pour les particuliers.;http://fr.wikipedia.org/wiki/Mandoline_(ustensile)
12;En alpinisme, quelle lame métallique est enfoncée dans une fissure avec un marteau ?;Un piton;Un piolet;Un crampon;Un baudrier;Confirmé;Les pitons ont été le premier type de matériel de protection, et sont toujours utilisés quand rien d'autre ne convient.;http://fr.wikipedia.org/wiki/Piton
13;Quel mammifère a donné son nom à un instrument de rasage ?;Le blaireau;Le buffle;Le bouquetin;Le bison;Confirmé;Traditionnellement fabriqué en poils de blaireau, il en existe aussi en soies de sanglier, en crin de cheval ou poils synthétiques.;http://fr.wikipedia.org/wiki/Blaireau_(rasage)
14;Quel outil utilise-t-on pour alimenter un foyer en air, domestique ou industriel ?;Un soufflet;Une estrapade;Une chasse;Un burin;Confirmé;Divers instruments de musique sont également munis de soufflets, tel l'orgue, l'accordéon ou diverses cornemuses.;http://fr.wikipedia.org/wiki/Soufflet_(outil)
15;Quel long balai-brosse est généralement utilisé pour ramoner une cheminée ?;Un hérisson;Une girafe;Un col de cygne;Un blaireau;Confirmé;Les ramoneurs étaient souvent atteints de déformations articulaires, de brûlures et de cancer causé par la suie.;http://fr.wikipedia.org/wiki/Hérisson_(homonymie)
16;Quel objet du quotidien peut être à la fois aiguille, bobine, plat ou crayon ?;Un talon;Un fil;Une assiette;Une pince;Confirmé;Un talon peut être la partie rigide à l'arrière d'une chaussure qui se pose sur le sol et sur laquelle repose l'arrière du pied.;http://fr.wikipedia.org/wiki/Talon_(chaussure)
17;Quel appareil permet de surveiller la surface de la mer depuis un sous-marin en plongée ?;Le périscope;Le catadioptre;Le monocle;Le fibroscope;Confirmé;Depuis l'avènement du matériel vidéo et de la fibre optique, le périscope est souvent remplacé par une caméra.;http://fr.wikipedia.org/wiki/Périscope
18;Comment appelle-t-on familièrement des bottes à bout pointu et talon biseauté ?;Des santiag;Des mocassins;Des mules;Des charentaises;Confirmé;Les santiags ou bottes de cowboy, au talon assez haut, sont principalement fabriquées à base de cuir de vachette.;http://fr.wikipedia.org/wiki/Santiag
19;En aviation, quelle est la couleur de la boîte noire enregistrant des informations liées au vol ?;Orange;Noire;Blanche;Verte;Confirmé;Dans la pratique, les boîtes noires sont de couleur orange ou rouge avec des bandes blanches réfléchissantes.;http://fr.wikipedia.org/wiki/Boîte_noire_(aéronautique)
20;À quel objet du pêcheur se rapporte le terme « madrague » ?;Un filet de pêche;Un épuisette;Une canne à pêche;Un bateau de pêche;Confirmé;Ce filet de pêche fixe est particulièrement conçu pour la pêche aux thons migrant régulièrement en longeant certaines côtes.;http://fr.wikipedia.org/wiki/Madrague
21;Quel autre nom est donné au détecteur de mensonges appliqué sur un individu ?;Polygraphe;Tachigraphe;Détectographe;Mésographe;Expert;Le stress engendré par le mensonge augmenterait sensiblement la transpiration et donc la conductance cutanée.;http://fr.wikipedia.org/wiki/Détecteur_de_mensonge
22;Quel instrument servait autrefois à enfoncer les portes des châteaux-forts ?;Le bélier;Le corbeau;Le scorpion;La baliste;Expert;L’utilisation des béliers a eu un effet important sur l'évolution de la conception des murailles et des fortifications.;http://fr.wikipedia.org/wiki/Bélier_(machine_de_guerre)
23;Quel outil des cordonniers et des bourreliers sert à percer le cuir ?;Une alêne;Un touchau;Un cachet;Un perçoir;Expert;Ce poinçon servant à percer le cuir existe depuis le paléolithique où il servait alors à assembler les peaux.;http://fr.wikipedia.org/wiki/Alêne
24;Quel ciseau à tranchant courbé ou en V sert à sculpter et faire des moulures ?;La gouge;Le burin;La masse;Le fusain;Expert;La gouge a été perfectionnée en Angleterre et réintroduite au faubourg St Antoine par la sœur du roi Louis XIII.;http://fr.wikipedia.org/wiki/Gouge_(outil)
25;Quel récipient cylindrique à fond plat est utilisé dans de nombreux laboratoires ?;Un bécher;Une cuvette;Un décanteur;Une pipette;Expert;Le bécher, signifiant « gobelet » en allemand, est aussi appelé « vase de Berlin » ou « berlin » (surtout en Belgique).;http://fr.wikipedia.org/wiki/Bécher
26;Comment appelle-t-on le petit robinet installé sur les tonneaux à alcool ?;Un chantepleure;Une diluvienne;Une valsesource;Une tendrefontaine;Expert;Ce robinet pour tonneau de vin, souvent fabriqué en laiton, est utilisé avec le pressoir à robinet d'écoulement.;http://fr.wikipedia.org/wiki/Tonneau_(récipient)
27;Quel instrument de navigation maritime sert à mesurer la vitesse des bateaux ?;Le loch;Le compas;Le sextant;La boussole;Expert;La vitesse est simplement obtenue par division de la distance parcourue par le temps passé à effectuer la mesure.;http://fr.wikipedia.org/wiki/Loch_(bateau)
28;Dans quel objet peut-on souffler pour reproduire le chant des oiseaux ?;Un appeau;Un moineau;Un berlingot;Un chat;Expert;L'appeau est utilisé à la chasse pour produire un son ou un bruit particulier attirant les oiseaux ou le gibier.;http://fr.wikipedia.org/wiki/Appeau
29;Pour mesurer le nombre de dents sur un timbre-poste on utilise un...;Odontomètre;Dentomètre;Dentoscope;Odontoscope;Expert;Cet instrument philatélique donne avec précision le nombre exact de dents sur environ deux centimètres.;http://fr.wikipedia.org/wiki/Odontomètre
30;Comment appelle-t-on la partie ronde située au bout des ancres des navires ?;La cigale;La fourmi;Le lièvre;Le lapin;Expert;Les ancres modernes sont conçues pour pénétrer profondément et par leur surface importante, résister à l’ensemble de ces forces.;http://fr.wikipedia.org/wiki/Ancre_(mouillage)1;Qu’est-ce qui s’est lancé à vive allure entre Paris et Lyon en septembre 1980 ?;Le TGV;Le Thalys;Le Transilien;L’Eurostar;Débutant;Le train à grande vitesse atteint régulièrement la vitesse de 320 km/h sur des lignes à grande vitesse (LGV).;http://fr.wikipedia.org/wiki/TGV
2;Dans quelle station spatiale le soviétique Iouri Romanenko a-t-il passé 326 jours ?;Mir;Skylab;Saliout;Tiangong;Débutant;Mir (signifiant « paix » et « monde ») a été placée en orbite le 19 février 1986 et détruite volontairement le 23 mars 2001.;http://fr.wikipedia.org/wiki/Mir_(station_spatiale)
3;Quel moyen de transport est fréquemment utilisé par les médecins en Australie ?;L’avion;Le train;La voiture;La montgolfière;Débutant;L'Australie compte 7 686 850 km2 de superficie dont 34 218 km de côtes et 7 148 250 km2 de zone économique exclusive.;http://fr.wikipedia.org/wiki/Australie
4;Dans quelle ville utilise-t-on essentiellement les vaporetto, motoscafo et motonave ?;Venise;Rome;Naples;Milan;Débutant;Compte tenu du caractère très particulier de la ville de Venise, les vaporettos sont utilisés comme moyen de transport public.;http://fr.wikipedia.org/wiki/Vaporetto
5;Que portent aux mains de nombreux conducteurs de taxi au Japon ?;Des gants blancs;Des bagues;Des coups;Des baguettes;Débutant;Le mot taxi provient du taximètre, appareil destiné à mesurer le temps et la distance d'un trajet pour établir un montant à payer.;http://fr.wikipedia.org/wiki/Taxi
6;Combien de roues compte-t-on sur un samlo en Thaïlande ?;Trois;Deux;Quatre;Cinq;Débutant;Le samlo, qui signifie « trois roues » en thaïlandais, est un sorte de cyclo-pousse pouvant remorquer 1 ou 2 passagers.;http://fr.wikipedia.org/wiki/Tricycle
7;Contre quoi protègent les « roo bars » que portent les voitures en Australie ?;Des kangourous;Des serpents;Des aigles;Des éléphants;Débutant;Les roo bars sont en fait des barres de métal ou un cadre de barres de métal placés sur le devant d'un véhicule.;http://fr.wikipedia.org/wiki/Kangourou
8;Quelles marques de motos voit-on dans Easy Rider, de Dennis Hopper ?;Harley-Davidson;Boss Hoss;Polaris;Vectrix;Débutant;Ce road movie est très vite devenu un emblème de la génération hippie des années 1960-1970.;http://fr.wikipedia.org/wiki/Easy_Rider
9;Combien de temps dure la traversée en ferry qui vous emmène de Calais à Douvres ?;75 min;105 min;45 min;135 min;Débutant;Bien adapté au fret roulier, Calais reste encore à ce jour le premier port européen pour les échanges avec l'Angleterre.;http://fr.wikipedia.org/wiki/Ferry_(bateau)
10;Combien de pédales trouve-t-on sur sur la bicyclette baptisée « triplette » ?;Six;Quatre;Huit;Douze;Débutant;De la même manière qu'un tandem, les trois protagonistes sont assis l'un derrière l'autre et pédalent de manière synchrone.;http://fr.wikipedia.org/wiki/Triplette_(cycle)
11;Quel est le point commun des navires Waratah, Admiral Karpfanger et Sao Paolo ?;Portés disparus;Coulés;Bateaux musées;Croisières;Confirmé;Reinhold Werner, officier de marine, a écrit en 1900 Admiral Karpfanger. Eine Erzählung aus Hamburgs Vorzeit.;http://fr.wikipedia.org/wiki/Reinhold_von_Werner
12;Dans quel genre d’appareil est mort en 1968 l'astronaute russe Youri Gagarine ?;Un avion;Une navette;Une fusée;Une capsule;Confirmé;Youri Gagarine est le premier homme à avoir effectué un vol dans l'espace au cours de la mission Vostok 1 le 12 avril 1961.;http://fr.wikipedia.org/wiki/Youri_Gagarine
13;Combien de roues avait le premier véhicule automobile de Carl Benz ?;Trois;Quatre;Cinq;Six;Confirmé;Le Tricycle Benz 1, fabriqué par Carl Benz en 1885, est considéré comme la première automobile de l'histoire.;http://fr.wikipedia.org/wiki/Carl_Benz
14;Qu'a inventé l'ingénieur et industriel russo-américain Igor Sikorsky ?;L’hélicoptère;Le tracteur;L’avion;Le train;Confirmé;Sikorsky Aircraft Corporation, basée à Stratford, est encore aujourd'hui l'un des premiers hélicoptéristes mondiaux.;http://fr.wikipedia.org/wiki/Igor_Sikorsky
15;Quelle est l'altitude de croisière des appareils de la gamme Airbus A320 ?;10 000 m;7 000 m;13 000 m;4 000 m;Confirmé;L'A320-200 est la version la plus répandue de l'A320, disposant de winglets et d'une capacité en kérosène supérieure.;http://fr.wikipedia.org/wiki/Airbus_A320
16;Quelles seront les lettres qu'abordera l'arrière d'une voiture immatriculée en Suisse ?;CH;SU;SE;DK;Confirmé;Les codes ISO 3166-1 alpha-2 sont des codes pays de deux lettres définis dans la norme ISO 3166 (partie ISO 3166-1).;http://fr.wikipedia.org/wiki/ISO_3166-1_alpha-2
17;En quel bois sont faits les tableaux de bord des voitures de la marque Rolls-Royce ?;Noyer;Hêtre;Chêne;Sapin;Confirmé;« Chercher la perfection en tout. Prendre le meilleur de ce qui existe et l'améliorer. Et quand rien n'existe, le concevoir ».;http://fr.wikipedia.org/wiki/Rolls-Royce_Limited
18;Qu'est-ce qu'on ajoute à une moto pour qu'elle devienne un side-car ?;Un panier;Une selle;Deux roues;Un toit;Confirmé;Un pilote de side-car est souvent appelé « side-cariste », et son passager, le « singe » (surtout en compétition).;http://fr.wikipedia.org/wiki/Side-car
19;Quelle a été la première navette spatiale lancée du dos d'un Boeing 747 en 1977 ?;Enterprise;Columbia;Challenger;Discovery;Confirmé;Enterprise ou OV-101 (Orbital Vehicle-101) est aussi la première navette spatiale américaine construite pour la NASA.;http://fr.wikipedia.org/wiki/Enterprise_(navette_spatiale)
20;Comment circulaient les premières lettres par air aux USA en 1859 ?;En montgolfière;En avion;En hélicoptère;En fusée;Confirmé;Le maintien de la température de l'air dans une montgolfière nécessite l'emport d'un carburant et d'un brûleur.;http://fr.wikipedia.org/wiki/Montgolfière
21;Quel est le moyen de transport qui possède kiosque, coque et schnorkel ?;Le sous-marin;Le TGV;Le tracteur;Le side-car;Expert;L'usage civil du sous-marin concerne, pour l'essentiel, la recherche océanographique et l'exploitation pétrolière.;http://fr.wikipedia.org/wiki/Sous-marin
22;Quel est le verdoyant pays du Taxi Mauve de Michel Déon ?;L’Irlande;La Suisse;L’Australie;Le Brésil;Expert;Paru en 1973 aux éditions Gallimard, le roman a reçu le Grand prix du roman de l'Académie française la même année.;http://fr.wikipedia.org/wiki/Un_taxi_mauve_(roman)
23;Qu’était la Tucker '48, dont 51 exemplaires sont sortis à la fin des années 1940 ?;Une voiture;Une locomotive;Une fusée;Une motocyclette;Expert;Les difficultés s'étant multipliées, la production cesse bien avant les mille qui devaient sortir pour ce millésime.;http://fr.wikipedia.org/wiki/Tucker_'48
24;Que transportent les camions du film franco-italien Le Salaire de la peur ?;De la nitroglycérine;Des armes;Des migrants;De la drogue;Expert;C'est l'un des seuls films à avoir remporté la même année la Palme d'or du Festival de Cannes et l'Ours d'or au Festival de Berlin.;http://fr.wikipedia.org/wiki/Le_Salaire_de_la_peur
25;Que fabriquait Ferruccio Lamborghini avant de construire des voitures de luxe ?;Des tracteurs;Des avions;Des vélos;Des bateaux;Expert;Lamborghini fera fortune en moins de dix ans en fondant la société Lamborghini Trattori (« Tracteurs Lamborghini »).;http://fr.wikipedia.org/wiki/Ferruccio_Lamborghini
26;Comment s'appelait le bateau des 200 premiers immigrants aux États-Unis ?;Mayflower;America;Concord;Leeuwin;Expert;En 1620, il transportait des dissidents religieux anglais et d'autres Européens à la recherche d'un lieu pour pratiquer leur religion.;http://fr.wikipedia.org/wiki/Mayflower
27;De quelle couleur est le « T » du logo du métro de Stockholm ?;Bleue;Rouge;Orange;Verte;Expert;Le métro de Stockholm (Stockholms tunnelbana) est un ouvrage artistique mais aussi le seul métro de Suède.;http://fr.wikipedia.org/wiki/Métro_de_Stockholm
28;Quelle marque de voiture conduisait Grace Kelly quand elle trouva la mort ?;Une Rover;Une Mercedes;Une Rolls-Royce;Une Bentley;Expert;Elle meurt le 14 septembre 1982 sur la route de la Turbie qui avait servi de décor au film La Main au collet.;http://fr.wikipedia.org/wiki/Grace_Kelly
29;De quelle couleur étaient les premiers autobus roulant dans la ville de Genève ?;Orange;Verte;Bleue;Marron;Expert;Le réseau compte, en 2016, 50 lignes exploitées par 231 autobus appartenant aux Transports publics genevois.;http://fr.wikipedia.org/wiki/Autobus_de_Genève
30;Quel instrument de locomotion à deux roues était fort en vogue en 1818 ?;La draisienne;Le vélocipède;La michaudine;Le vélocar;Expert;Les anciennes draisiennes actuellement connues pèsent entre 17,3 kg (musée d'Apelborn) et 23 kg (musée de Munich).;http://fr.wikipedia.org/wiki/Draisienne1;Dans quel service de renseignement intérieur travaillent Mulder et Scully ?;FBI;CIA;NSA;CSI;Débutant;Les attributions du FBI incluent l'antiterrorisme, le contre-espionnage, le crime informatique et la médecine légale.;http://fr.wikipedia.org/wiki/X-Files_:_Aux_frontières_du_réel
2;Qui est le supérieur hiérarchique direct de Mulder et Scully dans X-Files ?;Walter Skinner;William Stabler;Wallace Sommer;Chris Carter;Débutant;Walter Skinner est un ancien marine qui a fait le Vietnam et en cela il est sévère, exigeant mais juste et honnête.;http://fr.wikipedia.org/wiki/Walter_Skinner
3;Qu'y a-t-il d'écrit sur la célèbre affiche qui se trouve dans le bureau de Fox Mulder ?;I want to believe;Do aliens exist ?;Are you scared ?;U.F.O.;Débutant;Intuitif et paranoïaque, Mulder est considéré comme étrange et excentrique par ses pairs, ce qui lui a valu le surnom de « Martien ».;http://fr.wikipedia.org/wiki/Fox_Mulder
4;Durant quelle saison apparaît pour la première fois l'homme à la cigarette dans X-Files ?;Saison 1;Saison 2;Saison 3;Saison 4;Débutant;De nature froide et solitaire à l'origine, la série le fait évoluer pour faire comprendre qu'il est le personnage incontournable du complot.;http://fr.wikipedia.org/wiki/L'homme_à_la_cigarette
5;Quelle était la profession de Scully avant de devenir agent du FBI dans X-Files ?;Médecin;Architecte;Avocate;Photographe;Débutant;Scully a échappé à de nombreuses reprises à la mort durant la série, et au moins 2 épisodes laissent penser qu'elle serait « immortelle »;http://fr.wikipedia.org/wiki/Dana_Scully
6;Combien de saisons compte la série télévisée X-Files : Aux frontières du réel ?;9;8;10;11;Débutant;La série décrit les différentes enquêtes des agents spéciaux du FBI Fox Mulder et Dana Scully sur des dossiers classés X ("X-Files").;http://fr.wikipedia.org/wiki/X-Files_:_Aux_frontières_du_réel
7;Quelle actrice interprète le rôle de Danna Scully dans la série télé X-Files ?;Gillian Anderson;Annabeth Gish;Laurie Holden;Jolie Jenkins;Débutant;Gillian Anderson a été récompensée pour ce rôle par un Golden Globes Award et un Primetime Emmy Award.;http://fr.wikipedia.org/wiki/Gillian_Anderson
8;Quel est le surnom donné à Fox Mulder dans la série télé X-Files ?;Martien;Bibou;Matrix;Biquet;Débutant;Mulder est le nom de jeune fille de la mère de Chris Carter, réalisateur de la série, et Fox est le nom de l'un de ses amis.;http://fr.wikipedia.org/wiki/Fox_Mulder
9;Quel acteur remplace David Duchovny dans les dernières saisons de X-Files ?;Robert Patrick;Robert Pattinson;Robert Wagner;Robert Downey Jr.;Débutant;Robert Patrick a été révélé au cinéma en 1991 par son interprétation du T-1000 dans le second volet de la saga Terminator.;http://fr.wikipedia.org/wiki/Robert_Patrick
10;Quel scénariste, réalisateur et producteur américain a créé la série télévisée X-Files ?;Chris Carter;J.J. Abrams;Guillermo del Toro;Steven Spielberg;Débutant;Chris Carter a reçu en 1999 le PGA Award du producteur de télévision le plus prometteur.;http://fr.wikipedia.org/wiki/Chris_Carter_(scénariste)
11;Dans quelle ville des États-Unis se trouve le bureau de Mulder et Scully ?;Washington;Dallas;Los Angeles;New York;Confirmé;Fox Mulder est un homme qui voue une véritable passion à tout ce qui touche au paranormal.;http://fr.wikipedia.org/wiki/Fox_Mulder
12;Quelle aventurière de fiction a fait une apparition remarquée dans la série X-Files ?;Xena;Super Jamie;Buffy;Lara Croft;Confirmé;En 1995, avant de devenir Xena, Lucy Lawless est le personnage central de Peach, un court-métrage traitant de l'homosexualité.;http://fr.wikipedia.org/wiki/Lucy_Lawless
13;Dans X-Files, quel meurtrier abolit les foies de ses victimes ?;Tooms;Burks;Hosteen;Kritchek;Confirmé;Tous les 30 ans, Eugène Victor Tooms sort de son « hibernation » pour se nourrir du foie d'êtres humains.;http://fr.wikipedia.org/wiki/Personnages_de_X-Files_:_Aux_frontières_du_réel
14;Quel est le prénom de la sœur disparue de Fox Mulder dans la série X-Files ?;Samantha;Rita;Alicia;Joanna;Confirmé;Samantha Ann Mulder, née le 22 janvier 1964, est disparue le 27 novembre 1973 (Affaire non classée : dossier n° X-42053).;http://fr.wikipedia.org/wiki/Fox_Mulder
15;Combien de films ont été tirés de la série télévisée X-Files ?;2;3;1;Aucun;Confirmé;Les deux films sont The X-Files, le film de Rob S. Bowman, sorti en 1998, et X-Files : Régénération de Chris Carter, sorti en 2008.;http://fr.wikipedia.org/wiki/The_X-Files
16;Qui est le père de l'enfant de Scully dans la série télévisée X-Files ?;Mulder;Dogget;Kritchek;Skinner;Confirmé;Scully a une vie sentimentale et sociale assez terne, se retranchant le plus souvent dans ses expériences scientifiques et ses recherches.;http://fr.wikipedia.org/wiki/Dana_Scully
17;Quel personnage de la série X-Files a perdu un bras suite à l'inoculation d'un vaccin ?;Kritchek;Pendrell;Skinner;Monsieur X;Confirmé;Présenté comme un partenaire mais perçu comme un élément gênant par l'agent Fox Mulder, Alex Krycek s'avère être un traître.;http://fr.wikipedia.org/wiki/Alex_Krycek
18;De quelle maladie souffre Scully à partir de la saison 4 de la série X-Files ?;Un cancer;Un diabète;Une amnésie;Une sclérose;Confirmé;Scully a mis en doute ses croyances lorsqu'on lui diagnostiqua un cancer du cerveau, conséquence de son enlèvement.;http://fr.wikipedia.org/wiki/Dana_Scully
19;Quel est le nom du chien de Dana Scully de la série X-Files ?;Queequeg;Bobby;Gish;Fox;Confirmé;Plus jeune, le livre préféré de Dana Scully était Moby Dick, que son père prenait plaisir à lui lire très souvent.;http://fr.wikipedia.org/wiki/Dana_Scully
20;Dans X-FIles, quel membre du FBI est mort dans les bras de Scully ?;Agent Pendrell;Scott Blevins;Monica Reyes;Jeffrey Spender;Confirmé;L'agent Pendrell est un membre du laboratoire en sciences criminelles du FBI, qui assiste occasionnellement l'agent Dana Scully.;http://fr.wikipedia.org/wiki/Personnages_de_X-Files_:_Aux_frontières_du_réel
21;Comment se surnomment les trois amis paranoïaques de Mulder dans X-Files ?;Lone Gunmen;Lone Cowboys;Lone Rangers;Lone Stars;Expert;Ce trio est l'alliance improbable d'un bidouilleur en électronique, d'un pirate informatique et l'ex-salarié des télécommunications.;http://fr.wikipedia.org/wiki/The_Lone_Gunmen
22;Quel est le titre du dernier épisode de la série télévisée X-Files ?;La vérité est ici;La soif de savoir;La découverte;La Prophétie;Expert;Dans cet ultime épisode, la date de l'invasion coïncide avec le Calendrier maya et les prédictions pour décembre 2012.;http://fr.wikipedia.org/wiki/Saison_9_de_X-Files_:_Aux_frontières_du_réel
23;Quelle est le prénom de la fille de Scully dans la série X-Files ?;Emily;Janis;Emma;Diane;Expert;Interprétée par Lauren Diewold, cette petite fille (Emily Sim) apparaît dans le double épisode Emily de la saison 5 de la série.;http://fr.wikipedia.org/wiki/Personnages_de_X-Files_:_Aux_frontières_du_réel
24;De quelle université Mulder, de la série X-Files, est-il diplômé ?;Oxford;Manchester;Princeton;Yale;Expert;De 1983 à 1986, Fox Mulder étudie à Oxford en Angleterre et sort premier de sa promotion avec en poche son diplôme en psychologie.;http://fr.wikipedia.org/wiki/Fox_Mulder
25;Quelle actrice remplace Gillian Anderson dans les dernières saisons de X-Files ?;Annabeth Gish;Annabella Sciorra;Jolie Jenkins;Anna Faris;Expert;Elle est nommée pour ce rôle au Saturn Award de la meilleure actrice de télévision dans un second rôle en 2002.;http://fr.wikipedia.org/wiki/Annabeth_Gish
26;Qui enlève Scully pour la remettre aux aliens dans la saison 2 de X-Files ?;Duane Barry;Chuck Burks;Brad Follmer;Billy Miles;Expert;Dans l'épisode en question, c'est l'acteur lui-même qui a réalisé la cascade sur le toit du téléphérique, mettant sa propre vie en danger.;http://fr.wikipedia.org/wiki/Dana_Scully
27;Quel est le mot de passe de l'ordinateur de Mulder dans la série X-Files ?;Trustno1;Scully;Aliens;Samantha;Expert;Fox Mulder possède peu d'amis mais un bon nombre de contacts, ce qui lui est très utile durant l'ensemble de la série.;http://fr.wikipedia.org/wiki/Fox_Mulder
28;Quelle marque de cigarettes fume l'homme à la cigarette dans la série X-Files ?;Morley;Mighton;Marlac;On ne sait pas;Expert;Cette marque est apparue dans divers autres films de télévision et de cinéma, séries télévisées, et jeux vidéo.;http://fr.wikipedia.org/wiki/Morley_(cigarette)
29;Quel surnom a été donné à Scully par son père dans la série télévisée X-Files ?;Starbuck;Queequeg;Janis;La martienne;Expert;Fan du roman Moby Dick, il la surnommait « Starbuck » et Scully l'appelait en retour « Achab ».;http://fr.wikipedia.org/wiki/Dana_Scully
30;Quel épisode de X-Files diffusé en 1999 se répète à l'infini ?;Lundi;Réitération;Pour toujours;Jour J;Expert;Pris dans une boucle temporelle, Mulder doit empêcher une bombe d'exploser dans une banque pour y mettre fin.;http://fr.wikipedia.org/wiki/Saison_6_de_X-Files_:_Aux_frontières_du_réel1;Quel logiciel de traitement de texte a été mis au point par Microsoft ?;Word;Excel;PowerPoint;Access;Débutant;Microsoft publie plusieurs logiciels de traitement de texte, mais Word en reste la « vedette ».;http://fr.wikipedia.org/wiki/Microsoft_Word
2;Le logiciel Excel extrait de la suite bureautique Microsoft Office est un...;Tableur;Traitement de texte;Navigateur internet;Client de messagerie;Débutant;Excel a été critiqué pour ses problèmes de précision sur calculs à virgule flottante.;http://fr.wikipedia.org/wiki/Microsoft_Excel
3;En informatique, comment appelle-t-on une erreur de programmation encore non localisée ?;Un bug;Un crack;Un spam;Un virus;Débutant;La gravité du dysfonctionnement informatique peut aller de bénigne à majeure.;http://fr.wikipedia.org/wiki/Bug_(informatique)
4;Quelle version de Windows Microsoft a-t-il lancé le vendredi 26 octobre 2012 ?;Windows 8;Windows 7;Windows CE;Windows Mobile;Débutant;La version Windows 8.1 est une mise à jour gratuite de Windows 8 disponible depuis 2013. ;http://fr.wikipedia.org/wiki/Windows_8
5;Comment est communément abrégée la publication assistée par ordinateur ?;PAO;USB;VGA;CIO;Débutant;La PAO consiste à créer des documents imprimés en travaillant la composition et la typographie de documents.;http://fr.wikipedia.org/wiki/Publication_assistée_par_ordinateur
6;Quelle application informatique de la société Apple permet de gérer facilement un iPod ?;iTunes;QuickTime;FileMaker;HyperCard;Débutant;iTunes faisait partie de la suite logicielle d'Apple iLife jusqu'à la version '06.;http://fr.wikipedia.org/wiki/ITunes
7;En informatique, quel logiciel permet de créer des calculs automatiques ?;Un tableur;Un débogueur;Un navigateur;Un explorateur;Débutant;Une feuille de calcul est une table d'informations la plupart du temps financières.;http://fr.wikipedia.org/wiki/Tableur
8;Quel pirate informatique casse les systèmes informatique et les logiciels protégés ?;Un hacker;Un blagueur;Un forceur;Un pirateur;Débutant;Certains utilisent ce savoir-faire dans un cadre légal, d'autres étant hors-la-loi.;http://fr.wikipedia.org/wiki/Hacker_(sécurité_informatique)
9;Quels logiciels installés sur PC, tablette ou smartphone, permettent de « surfer » sur Internet ?;Des navigateurs;Des tableurs;Des éditeurs;Des émulateurs;Débutant;Le premier navigateur stable et largement diffusé fut NCSA Mosaic, en 1993.;http://fr.wikipedia.org/wiki/Navigateur_Web
10;Quel outil développé par le géant Google permet de gérer son emploi du temps ?;Google Agenda;Google TimeLine;Google Tempo;Google Mobile;Débutant;Google Agenda permet de partager des événements et des agendas et de les publier sur internet ou sur un site Web.;http://fr.wikipedia.org/wiki/Google_Agenda
11;Quelle grande société a reçu le feu vert en 2011 pour le rachat de Skype ?;Microsoft;Google;Apple;Facebook;Confirmé;Skype est un logiciel gratuit qui permet de passer des appels téléphoniques et vidéo via Internet, ainsi que le partage d'écran.;http://fr.wikipedia.org/wiki/Skype
12;Quel est probablement le plus connu des systèmes informatiques dits « libre » ?;Linux;Windows;MS-DOS;Mac OS;Confirmé;Linux est un système informatique qui fonctionne sur du matériel allant du téléphone portable au supercalculateur.;http://fr.wikipedia.org/wiki/Linux
13;Quelle est le nom de la solution professionnelle de services Google ?;Google Apps;Google Pro;Google Serve;Google Mac;Confirmé;Ce site Web au service des entreprises met en ligne de nombreuses applications.;http://fr.wikipedia.org/wiki/Google_Apps
14;Quel logiciel est mis gratuitement et librement à disposition par son créateur ?;Un freeware;Un malware;Un adware;Un software;Confirmé;Il ne faut toutefois pas confondre freeware (gratuiciel) et shareware (partagiciel).;http://fr.wikipedia.org/wiki/Freeware
15;En avril 2012, quelle start-up Facebook a-t-il racheté pour un milliard de dollars ?;Instagram;Globalnet;Valve;Backelite;Confirmé;Instagram est une application cofondée et lancée par l'américain Kevin Systrom et le Brésilien Michel Mike Krieger en octobre 2010.;http://fr.wikipedia.org/wiki/Instagram
16;Au Québec, quel mot est souvent utilisé pour désigner le courrier électronique ?;Courriel;Emel;Lettrinter;Copitel;Confirmé;Le courriel tend à être reconnu comme moyen valide de contacter une personne.;http://fr.wikipedia.org/wiki/Courrier_électronique
17;Quel logiciel de Microsoft a remplacé Windows Live Messenger en 2013 ?;Skype;Instagram;QuickTime;Pidgin;Confirmé;Skype a été fondé en Estonie par Niklas Zennström et Janus Friis en 2003 et développé par 3 Estoniens à l'origine du logiciel KaZaA.;http://fr.wikipedia.org/wiki/Skype
18;Quel nom portait le navigateur Internet de Microsoft, devenu aujourd'hui Microsoft Edge ?;Internet Explorer;Safari;Chrome;Firefox;Confirmé;La version 11 du navigateur sera toujours présente dans Windows 10 avant le passage progressif à Microsoft Edge.;http://fr.wikipedia.org/wiki/Internet_Explorer
19;Quel logiciel est indispensable pour protéger votre ordinateur sur Internet ?;Un antivirus;Un chat;Un navigateur;Une messagerie;Confirmé;Les antivirus peuvent balayer le contenu d'un disque dur, mais également la mémoire vive de l'ordinateur.;http://fr.wikipedia.org/wiki/Logiciel_antivirus
20;Qui est le tout premier pape à avoir envoyé un message sur Twitter ?;Benoît XVI;François;Jean-Paul II;Paul VI;Confirmé;Réputé conservateur, le cardinal Ratzinger a été élu le 19 avril 2005 pour succéder à Jean-Paul II.;http://fr.wikipedia.org/wiki/Benoît_XVI
21;Quel courrielleur créé par Mozilla est le compagnon idéal du navigateur Firefox ?;Thunderbird;Incredimail;Sylpheed;Foxmail;Expert;Tout comme Firefox, Thunderbird et son interface en XUL est basé sur le moteur Gecko.;http://fr.wikipedia.org/wiki/Mozilla_Thunderbird
22;Quel nom porte la suite bureautique en ligne proposée par Microsoft ?;Office 365;KOffice;OpenOffice;StarOffice;Expert;Les abonnements Office 365 pour les particuliers permettent de bénéficier de la version complète de la suite Office que l'on connaît.;http://fr.wikipedia.org/wiki/Microsoft_Office_365
23;Quel était le nom de code de la version 3.1 de Windows ?;Janus;Startus;Uranus;Opus;Expert;La version 3 a été la première à connaître un large succès, permettant à Microsoft de rivaliser avec l'Apple Macintosh.;http://fr.wikipedia.org/wiki/Windows_3.x
24;Quel nom porte le service de stockage en ligne de Windows Live ?;Onedrive;Dropbox;RapidShare;MediaFire;Expert;Ce service en ligne de stockage et d'applications, créé en 2007, est une manifestation du concept de cloud computing.;http://fr.wikipedia.org/wiki/OneDrive
25;Quel est le nouveau nom du logiciel gratuit de messagerie instantanée Gaim ?;Pidgin;Connect;iShare;Komunnity;Expert;Gaim a été renommé en Pidgin en 2007 en raison de plaintes de la société AOL.;http://fr.wikipedia.org/wiki/Pidgin_(logiciel)
26;Quelle suite logicielle équivaut à Microsoft Office chez le géant Google ?;Google Documents;OpenOffice;Google Sites;Works;Expert;Google Documents est une suite des évolutions de Google Spreadsheets et de Writely, logiciel de traitement de texte.;http://fr.wikipedia.org/wiki/Google_Documents
27;De quel pays la suite logicielle gratuite Opera est-elle originaire ?;Norvège;France;Italie;Autriche;Expert;Opera est un navigateur Web développé par la société norvégienne Opera Software, qui propose plusieurs logiciels relatifs à Internet.;http://fr.wikipedia.org/wiki/Opera
28;Lequel de ces outils ne permet pas de visionner des pages web ?;Acrobat Reader;Mozilla Firefox;Google Chrome;Internet Explorer;Expert;Adobe change régulièrement le nom des produits de la famille Acrobat et cela en subdivisant ses produits.;http://fr.wikipedia.org/wiki/Adobe_Acrobat_DC
29;Combien de téléchargements dénombrait-on sur le célèbre App Store fin 2012 ?;35 milliards;25 milliards;15 milliards;5 milliards;Expert;Depuis la mise à jour du système d'exploitation d'Apple iOS 7 en septembre 2013, l'App Store possède un tout nouveau design.;http://fr.wikipedia.org/wiki/App_Store
30;Quelle est la date « officielle » de création de Wikipédia en Français ?;Le 23 mars 2001;Le 2 janvier 1999;Le 15 janvier 2002;Le 8 décembre 2000;Expert;Plusieurs moyens de consulter l'encyclopédie existent, tels que des sites web miroirs ou des applications pour smartphone.;http://fr.wikipedia.org/wiki/Wikipédia_en_français1;Quel programmeur a créé et continue de diriger le développement du noyau de Linux ?;Linus Torvalds;Steeve Jobs;Larry Ellison;Bill Gates;Débutant;Linus a découvert l'informatique vers l'âge de 11 ans grâce à l'ordinateur de son grand-père, un Commodore VIC-20.;http://fr.wikipedia.org/wiki/Linus_Torvalds
2;Quel est le principal atout de Linux, développé et maintenu par Linus Torvalds ?;Il est libre;Il est beau;Il est Finlandais;Il est amusant;Débutant;Linux est le nom couramment donné à tout système d'exploitation libre fonctionnant avec le noyau Linux.;http://fr.wikipedia.org/wiki/Linux
3;Quel animal représentant Linux est aussi la mascotte de l'université d'Helsinki ?;Un manchot;Une marmotte;Un caribou;Un gnou;Débutant;Dessiné en 1996, son usage est libre et se retrouve dans de très nombreux projets et logotypes liés à Linux.;http://fr.wikipedia.org/wiki/Tux
4;Quelle commande Linux, basée sur la commande UNIX, utilise-t-on pour effacer un fichier ?;Rm;Rem;Del;Delete;Débutant;De par la filiation avec UNIX, la ligne de commande est toujours disponible dans GNU/Linux, quelle que soit la distribution.;http://fr.wikipedia.org/wiki/Linux
5;Laquelle de ces propositions désigne une distribution Linux fondée en 1993 ?;Red Hat;Zubuntu;Souze;Mandrika;Débutant;Red Hat est l'une des entreprises dédiées aux logiciels Open Source les plus importantes et les plus reconnues.;http://fr.wikipedia.org/wiki/Red_Hat
6;Quel système d'exploitation mobile majeur de l'industrie actuelle s'appuie sur un noyau Linux ?;Android;iOS;Windows Phone;BlackBerry 10;Débutant;En 2015, Android est le système d'exploitation le plus utilisé dans le monde avec plus de 80 % de parts de marché.;http://fr.wikipedia.org/wiki/Android
7;Sous Linux, comment appelle-t-on les logiciels assemblés autour du noyau ?;Une distribution;Un progiciel;Un intégré;Une logithèque;Débutant;Il existe une très grande variété de distributions, ayant chacune des objectifs et une philosophie particulière.;http://fr.wikipedia.org/wiki/Distribution_GNU/Linux
8;Quel serveur web présent sous Linux est aussi présent sur les serveurs du monde entier ?;Apache;Comanche;Siou;Mohican;Débutant;Depuis avril 1996, selon l'étude permanente de Netcraft, Apache est devenu le serveur HTTP le plus répandu sur Internet.;http://fr.wikipedia.org/wiki/Apache_HTTP_Server
9;Quel est le nom de la mascotte de Linux, connue de tous les passionnés du système d'exploitation ?;Tux;Wilber;Gnu;Puffy;Débutant;Le dessin du personnage a été choisi à l'issue d'un concours organisé en 1996 remporté par Larry Ewing.;http://fr.wikipedia.org/wiki/Tux
10;Parmi ces commandes Linux, laquelle affiche à l'écran le contenu d'un fichier texte ?;Cat;Type;Man;Ls;Débutant;La différence essentielle de Linux par rapport à d'autres systèmes d'exploitation concurrents est d'être un système d'exploitation libre.;http://fr.wikipedia.org/wiki/Linux
11;En quelle année Linus Torvalds a-t-il livré la première version du noyau Linux ?;1991;1993;1995;1997;Confirmé;En 1991, les compatibles PC dominent le marché des ordinateurs personnels et fonctionnent généralement sous MS-DOS ou Windows.;http://fr.wikipedia.org/wiki/Linux
12;Quel ancien mot bantou désigne une célèbre distribution Linux ?;Ubuntu;Gentoo;Mandriva;Fedora;Confirmé;Le nom de la distribution provient d'un ancien mot bantou qui signifie « Je suis ce que je suis grâce à ce que nous sommes tous ».;http://fr.wikipedia.org/wiki/Ubuntu
13;Quel navigateur web et gestionnaire de fichiers est utilisé par défaut pour KDE ?;Konqueror;Firefox;Netscape;Chrome;Confirmé;Konqueror peut également afficher le contenu d'un serveur FTP, permettre de parcourir le réseau local et de visualiser des fichiers.;http://fr.wikipedia.org/wiki/Konqueror
14;Quel nom porte la distribution française de Linux, une des plus simples à installer et à utiliser ?;Mandriva;Debian;SUSE;Slackwave;Confirmé;Ciblant à la fois le grand public et les professionnels, cette distribution GNU/Linux est construite autour de KDE.;http://fr.wikipedia.org/wiki/Mandriva_Linux
15;Quel type de fichiers est pris en compte par le gestionnaires de paquets intégré à Ubuntu ?;.deb;.dev;.rss;.rpm;Confirmé;Par défaut, Ubuntu est installé avec une pluralité de logiciels libres tels que LibreOffice, Firefox, Thunderbird et Transmission.;http://fr.wikipedia.org/wiki/Ubuntu
16;Sous Linux, quelle commande est utilisée pour créer un compte utilisateur ?;Useradd;Adduser;Passwd;Mkaccount;Confirmé;Grâce à sa ligne de commande, scientifiques, ingénieurs et développeurs comptent parmi ses plus fréquents utilisateurs.;http://fr.wikipedia.org/wiki/Linux
17;De quel projet sont tirés les outils gravitant autour de Linux ?;GNU;BSD;Mimix;iOS;Confirmé;GNU est un projet de système d'exploitation libre lancé en 1983 par Richard Stallman, puis maintenu par le projet GNU.;http://fr.wikipedia.org/wiki/GNU
18;De quelle distribution Linux est dérivé le système d'exploitation Ubuntu ?;Debian;Red Hat;Slackware;Fedora;Confirmé;Ancien développeur Debian, Mark Shuttleworth souhaitait une version plus facile d'accès pour les novices.;http://fr.wikipedia.org/wiki/Ubuntu
19;Quelle est la plus ancienne distribution Linux encore maintenue à ce jour ?;Slackware;Ubuntu;Red Hat;Mandriva;Confirmé;Slackware est une distribution Linux qui, à la différence d'autres distributions, a longtemps été maintenue par une seule personne.;http://fr.wikipedia.org/wiki/Slackware
20;Quel environnement graphique de type « fenêtré » est utilisé sous Linux ?;X Window;K Window;Z Window;L Window;Confirmé;Cet environnement graphique gère l'interaction homme-machine par l'écran, la souris et le clavier de certains ordinateurs en réseau.;http://fr.wikipedia.org/wiki/X_Window_System
21;Quel programmeur et militant du logiciel libre a créé le Projet GNU en 1984 ?;Richard Stallman;Linus Torvalds;John Von Neumann;Alan Cox;Expert;Richard Stallman consacre la majeure partie de son temps à la promotion du logiciel libre auprès de divers publics.;http://fr.wikipedia.org/wiki/Richard_Stallman
22;Quel lecteur multimédia ressemblant à Winamp est souvent utilisé sous Linux ?;XMMS;Mplayer;Tomahawk;Spotify;Expert;XMMS fut originellement codé sous le nom de X11Amp par Peter et Mikal Alm en novembre 1997, pour combler un manque sou Linux.;http://fr.wikipedia.org/wiki/XMMS
23;Quelle société financée par l'entrepreneur sud-africain Mark Shuttleworth commandite Ubuntu ?;Canonical;Pentax;Panasonic;Nikon;Expert;Cette société, basée sur l'Île de Man, a été créée en 2004 et opère dans 30 pays différents et emploie 500 personnes.;http://fr.wikipedia.org/wiki/Canonical
24;Avec quel acteur du monde Linux Microsoft a-t-il signé un accord d'importance ?;SUSE;Red Hat;Ubuntu;Mandriva;Expert;Apparue au début de l'année 1994, SUSE est donc la plus ancienne distribution commerciale encore existante.;http://fr.wikipedia.org/wiki/SUSE
25;La station spatiale internationale a abandonné Windows au profit de quelle distribution Linux ?;Debian;SUSE;Red Hat;Ubuntu;Expert;Debian est utilisée comme base de nombreuses autres distributions telles que Knoppix et Ubuntu qui rencontrent un grand succès.;http://fr.wikipedia.org/wiki/Debian
26;Quel pays utilise à ce jour le plus Linux comme système d'exploitation de bureau ?;Cuba;Le Venezuela;Le Kenya;La Finlande;Expert;Les deux environnements GNOME et KDE, qui reposent sur des technologies communes, ont atteint une maturité certaine.;http://fr.wikipedia.org/wiki/Linux
27;Quel graphiste a dessiné en 1996 le manchot Tux initial, mascotte du projet Linux ?;Larry Ewing;Jeffrey Lynch;Rob Janoff;Wes Wilson;Expert;Ce programmeur américain a réalisé la mascotte Tux avec l'aide du logiciel libre The GIMP.;http://fr.wikipedia.org/wiki/Larry_Ewing
28;Lequel de ces jeux tourne nativement sous GNU/Linux ?;Quake III Arena;Super Mario Kart;Zelda;Splinter Cell;Expert;Le jeu développé par id Software a également été publié sur Macintosh, sur Dreamcast, sur PlayStation 2 et sur Xbox Live Arcade.;http://fr.wikipedia.org/wiki/Quake_III_Arena
29;Quelle console de jeu open source possède un système d'exploitation Linux compilé ?;Pandora;Game Gear;N-Gage;GP32;Expert;La Pandora est capable à ce jour de lancer Quake, Quake II et Quake III Arena sans ralentissement.;http://fr.wikipedia.org/wiki/Pandora_(console_portable)
30;Comment fut initialement appelé le projet Linux, qui deviendra par la suite une marque déposée ?;Freax;Serval;Panther;Longhorn;Expert;Le projet trouve son nom définitif grâce à Ari Lemmke qui héberge le travail de Linus Torvalds dans un répertoire nommé Linux.;http://fr.wikipedia.org/wiki/Linux1;De quel instrument de musique joue Lisa Simpson, créée par le dessinateur Matt Groening ?;Du saxophone;De la trompette;Du piano;De la flûte;Débutant;Les Simpson forment une famille américaine typique de classe moyenne qui vit dans la ville de Springfield.;http://fr.wikipedia.org/wiki/Lisa_Simpson
2;Quel instrument de musique à cordes pincées, voisin de la guitare, est utilisé en Inde ?;Le sitar;La cithare;Le théorbe;Le glingi;Débutant;On en joue assis en tailleur par terre : l'instrument, calé sous le coude droit, repose par terre (parfois sur le pied).;http://fr.wikipedia.org/wiki/Sitar
3;Pour quel instrument Mozart a-t-il composé le plus grand nombre de concerto ?;Le piano;La clarinette;Le violon;Le violoncelle;Débutant;Mort à trente-cinq ans, Mozart laissa une œuvre importante qui embrasse tous les genres musicaux de son époque.;http://fr.wikipedia.org/wiki/Wolfgang_Amadeus_Mozart
4;Combien de cordes possède un violon, occupant une place importante en musique classique ?;4 cordes;3 cordes;5 cordes;6 cordes;Débutant;Les luthiers comme Antonio Stradivari sont les artisans qui créent et entretiennent les instruments à cordes.;http://fr.wikipedia.org/wiki/Violon
5;Quel instrument de musique à cordes pincées est souvent utilisé dans la musique country ?;Le banjo;Le danjo;Le ranjo;Le panjo;Débutant;Accompagnateur dans le style « New Orleans », le banjo est également utilisé comme soliste dans la musique irlandaise.;http://fr.wikipedia.org/wiki/Banjo
6;En quelle matière est faite la mèche présente sur un archet de violon ?;En crin;En coton;En mohair;En angora;Débutant;La mèche est constituée de crins de cheval prélevés sur la queue de l'étalon car ceux de jument sont abîmés par l'urine.;http://fr.wikipedia.org/wiki/Archet_(musique)
7;De quel instrument de musique à vent et à anche libre joue un harmoniciste ?;Harmonica;Harmonium;Accordéon;Xylophone;Débutant;Malgré la connaissance réduite du public, il semblerait que l'harmonica soit en quantité l'instrument le plus vendu au monde.;http://fr.wikipedia.org/wiki/Harmonica
8;Combien de cordes au minimum compte-t-on sur une guitare basse, avec un diapason de 34 pouces ?;Quatre;Trois;Cinq;Six;Débutant;Depuis les années 1950, la guitare basse a remplacé la contrebasse dans la musique rock.;http://fr.wikipedia.org/wiki/Guitare_basse
9;De quel instrument John Lennon jouait-il au sein des Beatles avec plus de 200 chansons ?;De la guitare;Du clavier;De la batterie;Du saxophone;Débutant;Lennon forme avec McCartney l'un des tandems d'auteurs-compositeurs les plus influents et prolifiques de l'histoire du rock.;http://fr.wikipedia.org/wiki/John_Lennon
10;Instrument de la famille des violons, dans quelle position joue-t-on du violoncelle ?;Assise;Debout;Couchée;À genoux;Débutant;Le violoncelle se joue assis, tenu entre les jambes et repose désormais sur une pique escamotable.;http://fr.wikipedia.org/wiki/Violoncelle
11;Quelle clef, proche du la du diapason, est utilisée par le violoniste ?;La clef de sol;La clef de fa;La clef de do;La clef de ré;Confirmé;En solfège, une clé est un signe graphique placé au début de la portée qui indique la hauteur des notes associées à chaque ligne.;http://fr.wikipedia.org/wiki/Clef_(musique)
12;Quel instrument fut popularisé par Lionel Hampton à la fin des années 1930 ?;Le vibraphone;Le xylophone;Le saxophone;Le métallophone;Confirmé;Surnommé « Le lion », Lionel Hampton a été le premier géant du jazz à donner ses lettres de noblesse au vibraphone.;http://fr.wikipedia.org/wiki/Lionel_Hampton
13;Sur quel instrument à percussion frappe-t-on avec une baguette à tampon ?;Un gong;Un bong;Un bang;Un gang;Confirmé;L'instrument en lui-même provient vraisemblablement des percussions en bronze de Chine.;http://fr.wikipedia.org/wiki/Gong_(instrument)
14;De quel instrument Ginger Baker était-il tenu pour un virtuose ?;La batterie;La trompette;Le violon;La guitare;Confirmé;Depuis 1986, Ginger Baker a sorti plusieurs albums de jazz fusion et a tourné avec des groupes de styles variés.;http://fr.wikipedia.org/wiki/Ginger_Baker
15;Quel instrument de musique assez répandu en Grèce est joué avec un plectre ?;Le bouzouki;Le rebetiko;Le baglama;Le trypes;Confirmé;Le bouzouki est souvent considéré comme l'instrument « national » de la Grèce depuis le milieu du XXe siècle.;http://fr.wikipedia.org/wiki/Bouzouki
16;La balalaïka est un instrument de musique à cordes pincées russe, mais de quelle forme ?;Triangulaire;Ronde;Carrée;Rectangulaire;Confirmé;La balalaïka se joue le plus souvent au doigt et parfois avec un plectre et se décline en plusieurs tailles.;http://fr.wikipedia.org/wiki/Balalaïka
17;Quel instrument de musique est le plus aigu dans un orchestre symphonique ?;Le piccolo;Le tuba;Le trombone;Le hautbois;Confirmé;Le piccolo était surtout utilisé pour doubler la grande flûte à l'octave supérieure, pour augmenter l'éclat orchestral.;http://fr.wikipedia.org/wiki/Piccolo_(musique)
18;Dans quel pays joue-t-on du sitar et du vînâ, sorte de cithare sur bâton avec deux résonateurs ?;En Inde;Au Maroc;En Espagne;Au Brésil;Confirmé;La rudra vinâ est le plus ancien des instruments à cordes frettées indiens : on la nomme aussi bîn.;http://fr.wikipedia.org/wiki/Vînâ
19;Quel instrument de musique figure sur les étiquettes de la brasserie irlandaise Guinness ?;Une harpe;Un violon;Un saxophone;Une flûte;Confirmé;La Guinness est un stout, une bière noire coiffée d'une mousse blanche, connue mondialement pour sa saveur et son aspect.;http://fr.wikipedia.org/wiki/Guinness
20;Combien de pistons une trompette compte-t-elle, en réponse au vœu de rendre chromatique ?;Trois;Deux;Quatre;Cinq;Confirmé;La trompette à pistons est celle qui est la plus utilisée aujourd'hui dans la plupart des pays.;http://fr.wikipedia.org/wiki/Trompette
21;Combien y a-t-il de cordes sur une harpe de concert, obtenant ainsi une tessiture de 6 octaves ?;47;37;57;67;Expert;La harpe de concert a la particularité d'avoir des cordes perpendiculaires à la caisse de résonance.;http://fr.wikipedia.org/wiki/Harpe
22;Quelle est la fréquence du diapason, constitué de deux lames parallèles soudées en forme de U ?;440 hertz;450 hertz;460 hertz;430 hertz;Expert;En musique, le diapason est un outil de musicien donnant la hauteur d'une note-repère conventionnelle.;http://fr.wikipedia.org/wiki/Diapason
23;Quelle partie du violon le violoniste bloque-t-il entre son cou et son épaule ?;La mentonnière;Le reposoir;La mâchoire;Le dépauloire;Expert;Un violon se compose de trois parties distinctes : la caisse de résonance, le manche et les cordes.;http://fr.wikipedia.org/wiki/Violon
24;De quel mollusque peut-on utiliser le coquillage comme instrument de musique à vent ?;La conque;Le sifflet;Le dizi;Le piri;Expert;Prenant la conque en main, l'instrumentiste en produit le son selon le même principe que la trompe ou la corne.;http://fr.wikipedia.org/wiki/Conque
25;Quelle est la tonalité la plus fréquente des bourdons de la cornemuse écossaise ?;Le si bémol;Le sol;Le mi bémol;Le do;Expert;Les anches doubles sont aussi utilisées par le basson, la chalémie, le hautbois, la bombarde, ou encore le cor anglais.;http://fr.wikipedia.org/wiki/Cornemuse
26;De combien de pièces de bois, collées ou assemblées, un violon est-il composé ?;71 pièces;91 pièces;51 pièces;31 pièces;Expert;Dans les formations de musique classique, le violon est l'instrument le plus petit et de tessiture la plus aiguë parmi sa famille.;http://fr.wikipedia.org/wiki/Violon
27;Quel instrument de musique est aussi connu sous le nom de « trompette tsigane » ?;La guimbarde;La crécelle;La harpe;La bandurria;Expert;Composée de deux éléments, la guimbarde est l'un des instruments de musique les plus anciens du monde.;http://fr.wikipedia.org/wiki/Guimbarde_(instrument)
28;Quelle petite flûte traversière était autrefois utilisée dans les fanfares militaires ?;Le fifre;Le kaval;Le sodina;La gasba;Expert;Le fifre, de petite longueur et fabriqué en bois, comporte six ou sept trous de jeu et parfois une clé.;http://fr.wikipedia.org/wiki/Fifre_(musique)
29;Quel marteau léger est utilisé pour frapper différents instruments à percussion ?;La mailloche;Le dérivoir;Le brochoir;La tricoise;Expert;Différentes variétés de mailloches (aussi parfois appelées « cigognes ») permettent d'obtenir des sons différents.;http://fr.wikipedia.org/wiki/Mailloche
30;Quel instrument de musique traditionnel à cordes est devenu celui des geisha ?;Le shamisen;Le koto;Le shakuhachi;Le taiko;Expert;Le shamisen se joue agenouillé sur un zabuton en pinçant les cordes à l'aide d'un large plectre en ivoire.;http://fr.wikipedia.org/wiki/Shamisen1;À quelle classe d'animaux vertébrés regroupant près de 5 400 espèces appartient le chat ?;Aux mammifères;Aux reptiles;Aux oiseaux;Aux poissons;Débutant;De nombreux mammifères élevés par l'homme jusqu'au XIXème siècle ont disparu ou ont fortement régressé.;http://fr.wikipedia.org/wiki/Mammifère
2;Lorsque vous apercevez votre chat faire le gros dos, il est probablement...;Effrayé;Content;Malade;En chasse;Débutant;Si un chat fait une chute de deux mètres et plus alors qu'il est sur le dos, il peut se retourner afin d'amortir cette chute.;http://fr.wikipedia.org/wiki/Chat
3;Que fait principalement le chat de ses journées, selon de nombreux proverbes et idiotismes ?;Il dort;Il mange;Il boit;Il court;Débutant;La plupart de ces dictons datent de plusieurs siècles, certains remontent même au Moyen Âge.;http://fr.wikipedia.org/wiki/Chat
4;Dans quel endroit du globe le chat reste-t-il synonyme de chance, de richesse ou de longévité ?;En Asie;En Europe;En Australie;En Afrique;Débutant;Ce félin a laissé son empreinte dans la culture populaire au travers d'expressions populaires et de représentations diverses.;http://fr.wikipedia.org/wiki/Chat
5;Combien le chat possède-t-il de doigts aux pattes antérieures ?;Cinq;Quatre;Trois;Six;Débutant;Le chat possède cinq doigts aux pattes antérieures, dont seulement quatre touchent le sol, le pouce restant à l'écart.;http://fr.wikipedia.org/wiki/Chat
6;Quel est le cri du chat, pourtant très peu utilisé lorsque des chats communiquent entre eux ?;Le miaulement;Le jappement;Le bêlement;Le beuglement;Débutant;Par contre, au contact de l'humain, le chat continue souvent à utiliser différentes vocalises pour communiquer.;http://fr.wikipedia.org/wiki/Chat
7;Lequel de ces chats est le seul à avoir des poils longs ?;Angora;Abyssin;Siamois;Chartreux;Débutant;L'angora turc est caractérisé par sa robe à poils mi-longs très soyeuse et sans sous-poils.;http://fr.wikipedia.org/wiki/Angora_turc
8;De quelle famille de carnivores féliformes le chat fait-il partie ?;Les félidés;Les canidés;Les mustélidés;Les hominidés;Débutant;Parmi leurs traits caractéristiques figurent leur tête ronde au crâne raccourci, leur mâchoire à trente dents et leurs griffes rétractiles.;http://fr.wikipedia.org/wiki/Felidae
9;Quelle manifestation sonore du chat aurait selon certains spécialistes un effet relaxant sur l'homme ?;Le ronronnement;Le bourdonnement;Le meuglement;Le roucoulement;Débutant;Produit à l'expiration comme à l'inspiration, ce son de basse fréquence apparaît dès l'âge de deux jours.;http://fr.wikipedia.org/wiki/Ronronnement
10;Le chat, qui possède une mâchoire et une denture lui permettant de chasser, est un mammifère...;Carnivore;Omnivore;Frugivore;Insectivore;Débutant;Tous les mammifères carnassiers ne sont pas forcément membres de l'ordre des carnivores.;http://fr.wikipedia.org/wiki/Chat
11;Comment appelle-ton les longs poils présents sur les moustaches du chat ?;Les vibrisses;Les bréchets;Les barbules;Les tectrices;Confirmé;Chez l'Homme, les vibrisses désignent les poils à l'intérieur des narines et sous les bras.;http://fr.wikipedia.org/wiki/Vibrisse
12;Combien pèse environ un chaton à la naissance, directement soumis à un élevage communautaire ?;100 g;300 g;500 g;700 g;Confirmé;En cas de disparition d'une des mères, les chatons orphelins sont ainsi élevés par les autres femelles.;http://fr.wikipedia.org/wiki/Chaton
13;Bien que n'étant pas un coureur de fond, quelle vitesse maximale peut atteindre un chat ?;50 Km/h;70 Km/h;90 Km/h;110 Km/h;Confirmé;À la course, la vitesse moyenne du chat est de 40 km/h et il met environ neuf secondes pour parcourir 100 mètres.;http://fr.wikipedia.org/wiki/Chat
14;Combien de temps une chatte garde-t-elle environ les petits dans son ventre ?;Neuf semaines;Neuf minutes;Neuf mois;Neuf jours;Confirmé;Le ventre de la chatte commence à gonfler vers 4 semaines et à environ 35 jours, les mamelles grossissent et rosissent.;http://fr.wikipedia.org/wiki/Chat
15;Combien de races différentes de chats sont reconnues par les instances de certification ?;50;80;110;140;Confirmé;Dans de nombreux pays, le chat entre dans le cadre de la législation sur les carnivores domestiques à l’instar du chien et du furet.;http://fr.wikipedia.org/wiki/Chat
16;De combien d'os est composé le squelette du chat, comprenant une partie axiale et appendiculaire ?;250;220;190;160;Confirmé;Les vertèbres du cou du chat sont courtes et sa colonne vertébrale est quant à elle très souple.;http://fr.wikipedia.org/wiki/Anatomie_du_chat
17;Combien de temps un chat mettra-t-il pour parcourir 100m le plus rapidement possible ?;9 secondes;12 secondes;15 secondes;18 secondes;Confirmé;Les spécificités de l'anatomie du chat confèrent à cet animal une grande souplesse et une détente ample lors des sauts.;http://fr.wikipedia.org/wiki/Chat
18;Quel est en moyenne le nombre de lapées par seconde pour le chat ?;Quatre;Trois;Deux;Cinq;Confirmé;Une hypothèse expliquant ce lapement met en cause la région extrêmement sensible du nez et des moustaches du chat.;http://fr.wikipedia.org/wiki/Chat
19;Quel chat est le seul à être caractérisé par la quasi-absence de sa fourrure.;Le sphynx;Le siamois;Le persan;Le maine coon;Confirmé;C'est en 1966 au Canada qu'une chatte de gouttière donna naissance à une portée de chatons nus.;http://fr.wikipedia.org/wiki/Sphynx
20;Combien le chat a-t-il de griffes, sujettes à une pousse continue en réponse à une usure naturelle ?;18;20;16;22;Confirmé;Le chat peut ajuster la longueur de ses griffes et les aiguiser en les frottant contre une surface rugueuse : il « fait ses griffes ».;http://fr.wikipedia.org/wiki/Chat
21;Quel pourcentage les chats de race représentent-ils parmi la population totale ?;5 %;15 %;25 %;35 %;Expert;Si votre animal est un chat de race, il doit posséder un pedigree ou avoir fait l'objet d'une demande spécifique.;http://fr.wikipedia.org/wiki/Chat
22;Bastet, déesse de la joie du foyer aux traits félins est une déesse de quelle nationalité ?;Égyptienne;Grecque;Romaine;Viking;Expert;Bastet est l'une des déesses les plus discrètes du panthéon égyptien et n'est jamais représentée.;http://fr.wikipedia.org/wiki/Bastet
23;Le Manx est un chat très particulier car il ne possède pas...;De queue;De poils;De nez;De moustaches;Expert;La mutation du gène s'est développée sur l'île de Man à cause de l'isolement des chats et de la trop forte consanguinité.;http://fr.wikipedia.org/wiki/Manx_(chat)
24;Où sont situées les glandes odoriférantes chez le chat ?;Dans le ventre;Sous les pattes;Derrière les oreilles;Sur la langue;Expert;Les chats communiquent principalement entre eux par des phéromones ou des positions corporelles.;http://fr.wikipedia.org/wiki/Chat
25;Selon Le langage courant, comment appelle-t-on un chat en argot ?;Un greffier;Un grognant;Un bourrin;Un canasson;Expert;Deux explications s'opposent : le jeu de mot sur « griffe » ainsi que la fourrure de certains chats évoquant la robe des greffiers.;http://fr.wikipedia.org/wiki/Chat
26;À quel gène responsable de l'absence de pigment dans le poil est lié la surdité des chats blancs ?;Gène W;Gène X;Gène Y;Gène Z;Expert;Il est en effet démontré que l'allèle W est directement responsable d'une dégénérescence de l'oreille interne, occasionnant la surdité.;http://fr.wikipedia.org/wiki/Chat
27;À combien de degrés se monte le champ de vision total du chat, plus étendu que celui des humains ?;287 degrés;253 degrés;206 degrés;175 degrés;Expert;L'angle de vision binoculaire est de 130°, pour un champ de vision total de 287°, contre seulement 180° chez l'homme.;http://fr.wikipedia.org/wiki/Chat
28;Comment appelle-t-on un chat domestique qui retourne à l'état sauvage ?;Haret;Ragdoll;Sibérien;Chartreux;Expert;Le chat haret, ou chat errant, peut avoir connu la vie auprès des êtres humains ou bien être né dans la nature.;http://fr.wikipedia.org/wiki/Chat_haret
29;Quel ecclésiastique et homme d'État possédait 14 chats à sa mort ?;Richelieu;Colbert;Napoléon;Louis XV;Expert;Pour l'anecdote, le Cardinal de Richelieu a contribué à faire considérer les chats comme animaux de compagnie.;http://fr.wikipedia.org/wiki/Armand_Jean_du_Plessis_de_Richelieu
30;Comment s'appelle le chat du Chat qui parlait malgré lui de Claude Roy ?;Gaspard;Thomas;Titus;Chaminou;Expert;Claude Roy, né et mort à Paris, était un poète, journaliste et écrivain français.;http://fr.wikipedia.org/wiki/Claude_Roy_(écrivain)1;Quel film à succès a réuni sur les écrans Sean Connery et Christophe Lambert ?;Highlander;Subway;Mad Max;Greystoke;Débutant;A Kind of Magic est un album du groupe Queen, sorti en juin 1986, dont six de ses neuf morceaux sont utilisés dans le film Highlander.;http://fr.wikipedia.org/wiki/Highlander
2;Quel pays, dont les premiers habitants étaient des Newars, a pour capitale Katmandou ?;Le Népal;Le Tibet;La Corée du Nord;Le Pakistan;Débutant;Katmandou est la capitale politique et religieuse du Népal ainsi que la plus grande ville du pays.;http://fr.wikipedia.org/wiki/Katmandou
3;Dans quel film John Travolta incarne-t-il un ange tombé du ciel ?;Michael;Johnny;Sam;Jerry;Débutant;Deux journalistes enquêtent sur un soi-disant vrai ange vivant chez une dame âgée.;http://fr.wikipedia.org/wiki/Michael_(film,_1996)
4;Pour quel auteur-compositeur-interprète français aux 40 millions de disques vendus Capri est-il fini ?;Hervé Vilard;Salvatore Adamo;Serge Lama;Charles Aznavour;Débutant;Didier Barbelivien, Michel Fugain et Danyel Gérard ont composé pour Hervé Vilard.;http://fr.wikipedia.org/wiki/Hervé_Vilard
5;Quel peintre, né en 1844, est également appelé « le Douanier » ?;Henri Rousseau;Pablo Picasso;Edgar Degas;Salvador Dali;Débutant;Le premier portrait réalisé par le peintre Henri Rousseau semble être celui de sa première femme.;http://fr.wikipedia.org/wiki/Henri_Rousseau
6;Quel personnage imaginaire fut popularisé par le roman de E.R. Burroughs et par le cinéma ?;Tarzan;King-Kong;Nessie;Le Yéti;Débutant;Edgar Rice Burroughs a inspiré bon nombre d'auteurs de science-fiction et de fantastique.;http://fr.wikipedia.org/wiki/Edgar_Rice_Burroughs
7;Quelle est la seule valeur à la roulette à porter la couleur verte ?;Le zéro;Le quarante;Le cinquante;Le treize;Débutant;À la roulette, chaque joueur mise sur un numéro qu'il espère être tiré.;http://fr.wikipedia.org/wiki/Roulette_(jeu_de_hasard)
8;Quelle est la race du chien de Columbo, l'inspecteur très obstiné et perspicace ?;Basset;Beagle;Bichon;Barbet;Débutant;Interrompue en 1978, la série Columbo a été ressuscitée en 1989, toujours avec Peter Falk.;http://fr.wikipedia.org/wiki/Columbo
9;Quelle est la plus petite unité de mémoire utilisable sur un ordinateur ?;Le bit;Le byte;Le giga;Le méga;Débutant;La mémoire est un composant matériel essentiel, présent dans tous les ordinateurs et consoles.;http://fr.wikipedia.org/wiki/Mémoire_(informatique)
10;Dans le langage familier, comment appelle-t-on la dent du petit enfant ?;La quenotte;La menotte;La bouillotte;La marmotte;Débutant;Il est particulièrement important de bien se brosser les dents de manière régulière.;http://fr.wikipedia.org/wiki/Dent
11;Où se situe la célèbre base navale américaine de Guantanamo ?;À Cuba;Au Mexique;À Hawaii;Au Paraguay;Confirmé;La base de Guantanamo détient des personnes qualifiées de « combattants hors-la-loi ».;http://fr.wikipedia.org/wiki/Prison_de_Guantánamo
12;Quelle est la spécialité du sportif tunisien Oussama Mellouli ?;La natation;Le marathon;Le football;La boxe;Confirmé;Oussama Mellouli est le premier champion olympique tunisien en natation.;http://fr.wikipedia.org/wiki/Oussama_Mellouli
13;Quel acteur français a le premier rôle dans le film Le Guépard ?;Alain Delon;Claude Brasseur;Jean Gabin;Jean-Paul Belmondo;Confirmé;Le film Le Guépard décrit la chute de l'aristocratie italienne, dont la scène du bal donne la clé.;http://fr.wikipedia.org/wiki/Le_Guépard_(film)
14;Qui était le compagnon de Paul de Tarse, désigné aussi sous le nom de saint Paul ?;Saint Luc;Saint Matthieu;Saint Jean;Saint Marc;Confirmé;Saint Paul a marqué le christianisme par son interprétation de l'enseignement de Jésus.;http://fr.wikipedia.org/wiki/Paul_de_Tarse
15;Quel titre de noblesse est immédiatement inférieur à celui de comte ?;Vicomte;Marquis;Duc;Archiduc;Confirmé;« Vicomte » est une distinction héréditaire à laquelle ne sont attachés aucuns pouvoirs.;http://fr.wikipedia.org/wiki/Vicomte
16;Quelle est la capitale de la Nouvelle-Zélande, pays d'Océanie au sud-ouest de l'océan Pacifique ?;Wellington;Dublin;Sydney;Auckland;Confirmé;Troisième ville la plus peuplée du pays, Wellington fait partie des douze meilleures villes dans laquelle vivre.;http://fr.wikipedia.org/wiki/Nouvelle-Zélande
17;Quel film a réuni sur les écrans Isabelle Adjani et Sharon Stone ?;Diabolique;Les sorcières;Ange et Démon;Les ensorceleuses;Confirmé;La femme et la maîtresse d'un professeur s'associent pour planifier son assassinat.;http://fr.wikipedia.org/wiki/Diabolique_(film)
18;Comment est également appelée la Transat Jacques Vabre ?;La Route du café;La Route du rhum;Le Trophée du rhum;Le Vendée Globe;Confirmé;La Transat Jacques Vabre, course transatlantique en double, se déroule tous les deux ans depuis 1993.;http://fr.wikipedia.org/wiki/Transat_Jacques_Vabre
19;Quel oiseau vivant dans l’hémisphère nord nage le plus vite ?;Le pingouin;La bécassine;Le martinet;La pie;Confirmé;Par abus de langage, le pingouin est souvent confondu avec le manchot.;http://fr.wikipedia.org/wiki/Pingouin
20;Quelle est la plus grosse des planètes du Système solaire ?;Jupiter;Saturne;Uranus;Neptune;Confirmé;Jupiter est une planète géante gazeuse, la plus grosse planète du système solaire.;http://fr.wikipedia.org/wiki/Jupiter_(planète)
21;Apparu il y a 450 millions d'années, à quelle classe animale le scorpion appartient-il ?;Aux arachnides;Aux reptiles;Aux insectes;Aux mammifères;Expert;Les scorpions se distinguent des araignées par un aiguillon venimeux situé au bout de leur abdomen.;http://fr.wikipedia.org/wiki/Scorpiones
22;Quel frère d'une actrice prénommée Mary a réalisé le film La fièvre du samedi soir ?;John Badham;John Travolta;John Payne;John Remezick;Expert;La fièvre du samedi soir fut un des principaux vecteurs de diffusion de la musique et de la mode disco.;http://fr.wikipedia.org/wiki/La_Fièvre_du_samedi_soir
23;Au Moyen Âge, comment appelait-on un village fortifié ?;Une bastide;Un château fort;Un rempart;Une tour;Expert;Les bastides les plus connues sont celles de Monflanquin, Monpazier, Grenade ou bien encore Libourne.;http://fr.wikipedia.org/wiki/Bastide_(ville)
24;Quelle ville du Kent est célèbre pour sa source miraculeuse ?;Tunbridge Wells;Gillingham;Dartford;Ramsgate;Expert;De nombreuses personnes célèbres sont venues en cure à Tunbridge Wells, comme la reine Victoria.;http://fr.wikipedia.org/wiki/Tunbridge_Wells
25;Quel apéritif à base de vin est aromatisé avec des plantes amères et toniques ?;Le vermouth;Le kokebok;La gentiane;Le piccolo;Expert;Du plus sec au plus doux, on trouve le vermouth sec, le blanc, le rosé et le rouge.;http://fr.wikipedia.org/wiki/Vermouth
26;À quel écrivain français doit-on le roman intitulé Le sagouin ?;Mauriac;Giono;Camus;Barjavel;Expert;Dans ce roman en quatre parties, on peut supposer que l'action se passe vers 1920.;http://fr.wikipedia.org/wiki/Le_Sagouin
27;Quel président Français trouva la mort dans une situation « inhabituelle » ?;Félix Faure;René Coty;Georges Pompidou;Raymond Poincaré;Expert;On a dit de Félix Faure qu'il était plus célèbre par sa mort que par sa vie.;http://fr.wikipedia.org/wiki/Félix_Faure
28;Comment appelle-t-on le versant de la montagne non situé au soleil ?;Ubac;Adret;Étant;Ressac;Expert;Dans l'hémisphère Nord, l'ubac est généralement la face Nord d'une montagne.;http://fr.wikipedia.org/wiki/Ubac
29;Quel oiseau palmipède a pour particularité de construire un nid flottant ?;Le grèbe;Le grèle;La grève;La grène;Expert;La position des pattes par rapport au corps a valu au grèbe le nom de « pieds au derrière ».;http://fr.wikipedia.org/wiki/Podicipediformes
30;Un bédane, qui doit son nom à sa ressemblance avec un bec de canard, est un outil proche du...;Ciseau à bois;Maillet;Vilebrequin;Rabot;Expert;Le bédane est un outil parfois utilisé pour réaliser des pièces en bois tournées entre pointes.;http://fr.wikipedia.org/wiki/Bédane
1;Quel est le véritable nom du romancier français Maxime Chattam ?;Maxime Drouot;Pascal Château;Maxime Ducrot;Bertrand Chattam;Débutant;Maxime Chattam est membre du collectif d'artistes La Ligue de l'Imaginaire.;http://fr.wikipedia.org/wiki/Maxime_Chattam
2;Quel métier Maxime Chattam a-t-il exercé avant de devenir romancier ?;Comédien;Avocat;Libraire;Boucher;Débutant;Après des cours de comédie au Cours Simon à Paris, Maxime Chattam o obtenu des rôles pour la télévision et la publicité.;http://fr.wikipedia.org/wiki/Maxime_Chattam
3;Chez quel éditeur Maxime Chattam a-t-il publié Les Arcanes du chaos en 2006 ?;Albin Michel;Michel Lafon;France Loisirs;Gallimard;Débutant;Les Arcanes du chaos donne un aspect troublant du monde où tout n'est que manipulation, argent et pouvoir.;http://fr.wikipedia.org/wiki/Les_Arcanes_du_chaos
4;Dans quel domaine Maxime Chattam, auteur de romans policiers, a-t-il suivi une formation ?;Criminologie;Œnologie;Ébénisterie;Pâtisserie;Débutant;Maxime Chattam a suivi une formation en criminologie pendant un an à l'université de Saint-Denis.;http://fr.wikipedia.org/wiki/Maxime_Chattam
5;Sous quel pseudonyme Maxime Chattam a-t-il publié Le Cinquième Règne en 2003 ?;Maxime Williams;Michel Bussi;Michel Honaker;Michel Averlant;Débutant;Ce roman fantastique, primé au festival de Gérardmer, sera le seul publié sous le pseudonyme de Maxime Williams.;http://fr.wikipedia.org/wiki/Maxime_Chattam
6;Avec quelle animatrice de télévision Maxime Chattam est-il marié ?;Faustine Bollaert;Laurence Ferrari;Virginie Guilhaume;Valérie Damidot;Débutant;Maxime et Faustine sont parents d'une fille, Abbie, née en juillet 2013 et d'un garçon, Peter né en juillet 2015.;http://fr.wikipedia.org/wiki/Faustine_Bollaert
7;Quel est le prénom du personnage central du roman La Promesse des ténèbres ?;Brady;Kevin;Ronald;David;Débutant;Brady O'Donnel, journaliste, rencontre une femme qui va changer sa vie : à sa poursuite, il va plonger en enfer.;http://fr.wikipedia.org/wiki/La_Promesse_des_ténèbres
8;Combien de tomes Maxime Chattam a-t-il prévu pour sa série Autre-Monde ?;Sept;Six;Cinq;Quatre;Débutant;Les deux cycles de la série Autre-Monde de Maxime Chattam ont été publiés entre 2008 et 2016.;http://fr.wikipedia.org/wiki/Autre-Monde_(série)
9;Quel est le véritable prénom de Maxime Chattam, né à Herblay dans le Val-d'Oise ?;Maxime;Matt;Tobias;Marc;Débutant;Maxime Chattam est un romancier français, né le 19 février 1976, spécialisé dans le roman policier.;http://fr.wikipedia.org/wiki/Maxime_Chattam
10;Quel est le titre du cinquième tome de la saga Autre-Monde de Maxime Chattam ?;Oz;Entropia;Malronce;Neverland;Débutant;Matt, Tobias et Ambre se voient contraints d'aller chercher le second cœur de la Terre.;http://fr.wikipedia.org/wiki/Oz_(roman)
11;Dans quel roman les deux héros sont-ils chercheurs mandatés par la Commission Européenne ?;La Théorie Gaia;In tenebris;Prédateurs;Maléfices;Confirmé;La Théorie Gaïa existe également en livre audio, avec Laurent Jacquet pour narrateur.;http://fr.wikipedia.org/wiki/La_Théorie_Gaïa
12;Dans Le Sang du temps, l'histoire se joue entre le Mont-Saint-Michel et quelle ville ?;Le Caire;Paris;Berlin;Varsovie;Confirmé;L'histoire du livre est partagée entre des personnages évoluant en 1928 et en 2005.;http://fr.wikipedia.org/wiki/Le_Sang_du_temps
13;Dans quel livre retrouve-t-on pour la deuxième fois le duo Joshua Brolin / Annabel O'Donnel ?;Maléfices;Malronce;Entropia;In tenebris;Confirmé;Maxime Chattam y met en toile de fond l'arachnophobie, visiblement la plus fréquente des phobies.;http://fr.wikipedia.org/wiki/Maléfices_(roman)
14;Quelle histoire racontée par Maxime Chattam se déroule en partie au Mont Saint-Michel ?;Le Sang du temps;Maléfices;Malronce;Entropia;Confirmé;Dans Le Sang du temps, on retrouve entre autres la Fraternité abbatiale ainsi que Ludwig, le gardien du Mont.;http://fr.wikipedia.org/wiki/Le_Sang_du_temps
15;Dans quel livre Yael, héroïne principale, travaille-t-elle dans un magasin de taxidermie ?;Les Arcanes du chaos;Prédateurs;Maléfices;Malronce;Confirmé;Chaque vendredi, un homme achète dans son magasin des paires d'yeux pour les arborer sur son manteau.;http://fr.wikipedia.org/wiki/Les_Arcanes_du_chaos
16;L'enquête de quelle nouvelle de Maxime Chattam se déroule dans un lycée ?;Carnages;Le Messager;Maligne;Gregory Harville;Confirmé;Maxime Chattam a déjà publié six nouvelles entre 2001 et 2014, pour certaines disponibles sur le site officiel.;http://fr.wikipedia.org/wiki/Maxime_Chattam
17;Dans quel roman des adolescents auraient-ils mieux fait de ne pas toucher à un ancien grimoire ?;Le Cinquième Règne;La Théorie Gaia;In tenebris;Prédateurs;Confirmé;Le roman fantastique Le Cinquième Règne a reçu le prix du roman fantastique du festival de Gérardmer.;http://fr.wikipedia.org/wiki/Le_Cinquième_Règne
18;Quelle saison le livre In Tenebris de Maxime Chattam représente-t-il ?;L'hiver;L'automne;Le printemps;L'été;Confirmé;L'histoire se déroule en janvier 2002 à New York et dans ses environs, pendant un hiver très enneigé.;http://fr.wikipedia.org/wiki/In_Tenebris
19;Dans quel thriller des jumeaux homozygotes corsent-ils l'enquête du héros principal ?;L'Âme du mal;Maléfices;Malronce;Entropia;Confirmé;L'Âme du mal, publié en 2002, est lauréat du Prix Sang d'encre et fait partie de la Trilogie du mal.;http://fr.wikipedia.org/wiki/L'Âme_du_mal
20;Quel roman de Maxime Chattam nous projette dans New York en compagnie de Matt et Tobias ?;L'Alliance des Trois;Prédateurs;Carnages;Maléfices;Confirmé;Le compositeur français Sébastien Pan a écrit une suite orchestrale de 52 minutes basée sur le roman L'Alliance des Trois.;http://fr.wikipedia.org/wiki/L'Alliance_des_Trois
21;Dans quel roman à suspense l'univers des G.I. n'a-t-il pas échappé à Maxime Chattam ?;Prédateurs;Carnages;Léviatemps;Oz;Expert;Maxime Chattam nous emmène dans une histoire sombre à la poursuite d'un meurtrier aussi pervers qu'intelligent.;http://fr.wikipedia.org/wiki/Prédateurs_(roman)
22;Quel roman de Maxime Chattam a pour héros un écrivain vivant dans le Paris du XXe siècle ?;Léviatemps;Oz;Neverland;L'Âme du mal;Expert;Ce roman constitue le premier volet d'un « Diptyque du temps », dont le deuxième volume est Le Requiem des abysses.;http://fr.wikipedia.org/wiki/Léviatemps
23;Dans quelle ville peut-on suivre l'enquête de Brady O'Donnel dans La Promesse des ténèbres ?;New York;Berlin;Paris;Dublin;Expert;La Promesse des ténèbres est un préquel de la Trilogie du Mal : L'Âme du mal, In Tenebris et Maléfices.;http://fr.wikipedia.org/wiki/La_Promesse_des_ténèbres
24;Quelle est l'altération de Matt dans la série de romans Autre-Monde ?;La force;La vitesse;La guérison;La télékinésie;Expert;Suite à un choc à la tête, Matt Carter est resté dans le coma pendant près de 5 mois.;http://fr.wikipedia.org/wiki/Autre-Monde_(série)
25;Combien de nouvelles Maxime Chattam a-t-il publié durant l'année 2001 ?;Deux;Quatre;Six;Huit;Expert;Disponibles sur le site officiel, Le Messager et Gregory Harville ont été écrites en 2001.;http://fr.wikipedia.org/wiki/Maxime_Chattam
26;Lequel de ces personnages ne retrouve-t-on pas dans In Tenebris de Maxime Chattam ?;Guy de Timée;Joshua Brolin;Annabel O’Donnel;Jack Thayer;Expert;Un avion explose au-dessus du Colorado en avril 1997, tuant plus de trois cents personnes, dont Harvey Morris, agent du FBI.;http://fr.wikipedia.org/wiki/In_Tenebris
27;Quelle ville de l'Oregon a inspiré Maxime Chattam pour son premier roman ?;Portland;Salem;Hillsboro;Medford;Expert;Au cours de son enfance, Maxime Chattam a fait de fréquents séjours aux États-Unis, dont à Portland.;http://fr.wikipedia.org/wiki/Maxime_Chattam
28;Comment appelle-t-on un enfant lié à la nature dans la série Autre-Monde ?;Kloropanphyle;Gus;Raupéroden;Zélie;Expert;Les Kloropanphyles sont des Pans qui vivent sur la canopée de la Mer Sèche, une forêt gigantesque.;http://fr.wikipedia.org/wiki/Autre-Monde_(série)
29;Quel acteur de doublage français a suggéré à Maxime Chattam d’écrire pour le théâtre ?;Pierre Hatet;Philippe Catoire;Xavier Fagnon;Hervé Grull;Expert;Pratiquant le doublage, Pierre Hatet est notamment connu pour être la voix française de Christopher Lloyd.;http://fr.wikipedia.org/wiki/Pierre_Hatet
30;Quelle chaîne de magasins a engagé Maxime Chattam en 1999 au rayon « livres policiers » ?;Fnac;HMV;Virgin;Furet du Nord;Expert;Fin 1999, Maxime Chattam est engagé à la Fnac, ce qui le mettra en contact avec les maisons d'éditions.;http://fr.wikipedia.org/wiki/Maxime_Chattam